Subject,Date,ExpCode,IsGood,NTrials,NEVDir,NEVFName,NS2FName,PTBFName,EDFName,NCentreOut,NCueColour,NDiagonal
JerryLee,2008-11-04,radi,1,163,081104,radi_j_001_00+03.nev,radi_j_001_00+03.ns2,radi_j_001_00+03.ptbmat,radi_j_001_00+03.edf,0,0,0
JerryLee,2008-11-19,fmap,1,424,081106,datafile001.nev,datafile001.ns2,fmap_j_002_00+17.ptbmat,fmap_j_002_00+17.edf,0,0,0
JerryLee,2008-11-06,fmap,1,199,081106,fmap_j_001_00+13.nev,fmap_j_001_00+13.ns2,fmap_j_001_00+13.ptbmat,fmap_j_001_00+13.edf,0,0,0
JerryLee,2008-11-06,fmap,1,119,081106,fmap_j_001_00+14.nev,fmap_j_001_00+14.ns2,fmap_j_001_00+14.ptbmat,fmap_j_001_00+14.edf,0,0,0
JerryLee,2008-11-06,fmap,1,378,081106,fmap_j_001_00+15.nev,fmap_j_001_00+15.ns2,fmap_j_001_00+15.ptbmat,fmap_j_001_00+15.edf,0,0,0
JerryLee,2008-11-19,fmap,1,280,081119,datafile009.nev,datafile009.ns2,fmap_j_002_00+16.ptbmat,fmap_j_002_00+16.edf,0,0,0
JerryLee,2008-11-20,fmap,1,592,081120,fmap_j_002_00+18.nev,fmap_j_002_00+18.ns2,fmap_j_002_00+18.ptbmat,fmap_j_002_00+18.edf,0,0,0
JerryLee,2008-12-02,fmap,1,17,081202,fmap_j_002_00+26.nev,fmap_j_002_00+26.ns2,fmap_j_002_00+26.ptbmat,fmap_j_002_00+26.edf,0,0,0
JerryLee,2008-12-02,fmap,1,6,081202,fmap_j_002_00+27.nev,fmap_j_002_00+27.ns2,fmap_j_002_00+27.ptbmat,fmap_j_002_00+27.edf,0,0,0
JerryLee,2008-12-02,fmap,1,3,081202,fmap_j_002_00+28.nev,fmap_j_002_00+28.ns2,fmap_j_002_00+28.ptbmat,fmap_j_002_00+28.edf,0,0,0
JerryLee,2008-12-02,fmap,1,359,081202,fmap_j_002_00+30.nev,fmap_j_002_00+30.ns2,fmap_j_002_00+30.ptbmat,fmap_j_002_00+30.edf,0,0,0
JerryLee,2008-12-08,fmap,1,330,081208,fmap_j_002_00+34.nev,fmap_j_002_00+34.ns2,fmap_j_002_00+34.ptbmat,fmap_j_002_00+34.edf,0,0,0
JerryLee,2008-12-09,fmap,1,77,081209,fmap_j_002_00+36.nev,fmap_j_002_00+36.ns2,fmap_j_002_00+36.ptbmat,fmap_j_002_00+36.edf,0,0,0
JerryLee,2008-12-09,fmap,1,787,081209,fmap_j_002_00+37.nev,fmap_j_002_00+37.ns2,fmap_j_002_00+37.ptbmat,fmap_j_002_00+37.edf,0,0,0
JerryLee,2008-12-10,fmap,1,1000,081210,fmap_j_003_00+02.nev,fmap_j_003_00+02.ns2,fmap_j_003_00+02.ptbmat,fmap_j_003_00+02.edf,0,0,0
JerryLee,2008-12-11,fmap,1,1000,081211,fmap_j_004_00+01.nev,fmap_j_004_00+01.ns2,fmap_j_004_00+01.ptbmat,fmap_j_004_00+01.edf,0,0,0
JerryLee,2008-12-15,fmap,1,1221,081215,fmap_j_005_00+01.nev,fmap_j_005_00+01.ns2,fmap_j_005_00+01.ptbmat,fmap_j_005_00+01.edf,0,0,0
JerryLee,2008-12-16,fmap,1,10,081216,fmap_j_005_00+02.nev,fmap_j_005_00+02.ns2,fmap_j_005_00+02.ptbmat,fmap_j_005_00+02.edf,0,0,0
JerryLee,2008-12-16,fmap,1,868,081216,fmap_j_005_00+03.nev,fmap_j_005_00+03.ns2,fmap_j_005_00+03.ptbmat,fmap_j_005_00+03.edf,0,0,0
JerryLee,2008-12-17,fmap,1,1317,081217,fmap_j_006_00+01.nev,fmap_j_006_00+01.ns2,fmap_j_006_00+01.ptbmat,fmap_j_006_00+01.edf,0,0,0
JerryLee,2008-12-18,fmap,1,850,081218,fmap_j_007_00+01.nev,fmap_j_007_00+01.ns2,fmap_j_007_00+01.ptbmat,fmap_j_007_00+01.edf,0,0,0
JerryLee,2008-12-23,fmap,1,1071,081223,fmap_j_008_00+03.nev,fmap_j_008_00+03.ns2,fmap_j_008_00+03.ptbmat,fmap_j_008_00+03.edf,0,0,0
JerryLee,2008-12-24,sra1,1,30,081224,sra1_j_008_00+01.nev,sra1_j_008_00+01.ns2,sra1_j_008_00+01.ptbmat,sra1_j_008_00+01.edf,0,0,0
JerryLee,2008-12-24,sra1,1,113,081224,sra1_j_008_00+02.nev,sra1_j_008_00+02.ns2,sra1_j_008_00+02.ptbmat,sra1_j_008_00+02.edf,0,0,0
JerryLee,2008-12-24,sra1,1,27,081224,sra1_j_008_00+03.nev,sra1_j_008_00+03.ns2,sra1_j_008_00+03.ptbmat,sra1_j_008_00+03.edf,0,0,0
JerryLee,2008-12-24,sra1,1,34,081224,sra1_j_008_00+04.nev,sra1_j_008_00+04.ns2,sra1_j_008_00+04.ptbmat,sra1_j_008_00+04.edf,0,0,0
JerryLee,2008-12-24,sra1,1,36,081224,sra1_j_008_00+05.nev,sra1_j_008_00+05.ns2,sra1_j_008_00+05.ptbmat,sra1_j_008_00+05.edf,0,0,0
JerryLee,2008-12-24,sra1,1,769,081224,sra1_j_008_00+06.nev,sra1_j_008_00+06.ns2,sra1_j_008_00+06.ptbmat,sra1_j_008_00+06.edf,0,0,0
JerryLee,2008-12-25,sra1,1,166,081225,sra1_j_009_00+01.nev,sra1_j_009_00+01.ns2,sra1_j_009_00+01.ptbmat,sra1_j_009_00+01.edf,0,0,0
JerryLee,2008-12-25,sra1,1,11,081225,sra1_j_009_00+02.nev,sra1_j_009_00+02.ns2,sra1_j_009_00+02.ptbmat,sra1_j_009_00+02.edf,0,0,0
JerryLee,2008-12-25,sra1,1,2000,081225,sra1_j_009_00+03.nev,sra1_j_009_00+03.ns2,sra1_j_009_00+03.ptbmat,sra1_j_009_00+03.edf,0,0,0
JerryLee,2009-01-05,fmap,1,30,090105,fmap_j_010_00+01.nev,fmap_j_010_00+01.ns2,fmap_j_010_00+01.ptbmat,fmap_j_010_00+01.edf,0,0,0
JerryLee,2009-01-05,sra1,1,3,090105,sra1_j_010_00+02.nev,sra1_j_010_00+02.ns2,sra1_j_010_00+02.ptbmat,sra1_j_010_00+02.edf,0,0,0
JerryLee,2009-01-05,sra1,1,722,090105,sra1_j_010_00+03.nev,sra1_j_010_00+03.ns2,sra1_j_010_00+03.ptbmat,sra1_j_010_00+03.edf,0,0,0
JerryLee,2009-01-06,sra1,1,1856,090106,sra1_j_011_00+01.nev,sra1_j_011_00+01.ns2,sra1_j_011_00+01.ptbmat,sra1_j_011_00+01.edf,0,0,0
JerryLee,2009-01-08,sra1,1,1314,090108,sra1_j_013_00+01.nev,sra1_j_013_00+01.ns2,sra1_j_013_00+01.ptbmat,sra1_j_013_00+01.edf,0,0,0
JerryLee,2009-01-12,sra1,1,2000,090112,sra1_j_013_00+02.nev,sra1_j_013_00+02.ns2,sra1_j_013_00+02.ptbmat,sra1_j_013_00+02.edf,0,0,0
JerryLee,2009-01-13,sra1,1,1748,090113,sra1_j_014_00+01.nev,sra1_j_014_00+01.ns2,sra1_j_014_00+01.ptbmat,sra1_j_014_00+01.edf,0,0,0
JerryLee,2009-01-14,sra1,1,1688,090114,sra1_j_015_00+01.nev,sra1_j_015_00+01.ns2,sra1_j_015_00+01.ptbmat,sra1_j_015_00+01.edf,0,0,0
JerryLee,2009-01-15,sra1,1,85,090115,sra1_j_016_00+02.nev,sra1_j_016_00+02.ns2,sra1_j_016_00+02.ptbmat,sra1_j_016_00+02.edf,0,0,0
JerryLee,2009-01-15,sra1,1,480,090115,sra1_j_016_00+03.nev,sra1_j_016_00+03.ns2,sra1_j_016_00+03.ptbmat,sra1_j_016_00+03.edf,0,0,0
JerryLee,2009-01-19,sra1,1,908,090119,datafile002.nev,datafile002.ns2,sra1_j_016_00+05.ptbmat,sra1_j_016_00+05.edf,0,0,0
JerryLee,2009-01-19,fmap,1,35,090119,datafile003.nev,datafile003.ns2,fmap_j_016_00+01.ptbmat,fmap_j_016_00+01.edf,0,0,0
JerryLee,2009-01-20,fmap,1,8,090120,datafile004.nev,datafile004.ns2,fmap_j_016_00+04.ptbmat,fmap_j_016_00+04.edf,0,0,0
JerryLee,2009-01-20,fmap,1,11,090120,datafile005.nev,datafile005.ns2,fmap_j_016_00+05.ptbmat,fmap_j_016_00+05.edf,0,0,0
JerryLee,2009-01-20,fmap,1,157,090120,datafile006.nev,datafile006.ns2,fmap_j_016_00+06.ptbmat,fmap_j_016_00+06.edf,0,0,0
JerryLee,2009-01-20,sra1,1,181,090120,datafile007.nev,datafile007.ns2,sra1_j_016_00+06.ptbmat,sra1_j_016_00+06.edf,0,0,0
JerryLee,2009-01-20,sra1,1,162,090120,datafile008.nev,datafile008.ns2,sra1_j_016_00+07.ptbmat,sra1_j_016_00+07.edf,0,0,0
JerryLee,2009-01-20,sra1,1,946,090120,datafile009.nev,datafile009.ns2,sra1_j_016_00+08.ptbmat,sra1_j_016_00+08.edf,0,0,0
JerryLee,2009-01-21,fmap,1,13,090121,datafile001.nev,datafile001.ns2,fmap_j_016_00+07.ptbmat,fmap_j_016_00+07.edf,0,0,0
JerryLee,2009-01-21,fmap,1,10,090121,datafile002.nev,datafile002.ns2,fmap_j_016_00+08.ptbmat,fmap_j_016_00+08.edf,0,0,0
JerryLee,2009-01-21,sra1,1,646,090121,datafile003.nev,datafile003.ns2,sra1_j_016_00+09.ptbmat,sra1_j_016_00+09.edf,0,0,0
JerryLee,2009-01-21,sra1,1,2000,090121,datafile004.nev,datafile004.ns2,sra1_j_016_00+10.ptbmat,sra1_j_016_00+10.edf,0,0,0
JerryLee,2009-01-22,fmap,1,1619,090122,datafile001.nev,datafile001.ns2,fmap_j_016_00+09.ptbmat,fmap_j_016_00+09.edf,0,0,0
JerryLee,2009-01-26,fmap,1,49,090126,datafile001.nev,datafile001.ns2,fmap_j_016_00+10.ptbmat,fmap_j_016_00+10.edf,0,0,0
JerryLee,2009-01-26,fmap,1,19,090126,datafile002.nev,datafile002.ns2,fmap_j_016_00+11.ptbmat,fmap_j_016_00+11.edf,0,0,0
JerryLee,2009-01-26,fmap,1,1813,090126,datafile003.nev,datafile003.ns2,fmap_j_016_00+12.ptbmat,fmap_j_016_00+12.edf,0,0,0
JerryLee,2009-01-26,fmap,1,79,090126,datafile004.nev,datafile004.ns2,fmap_j_016_00+13.ptbmat,fmap_j_016_00+13.edf,0,0,0
JerryLee,2009-01-27,fmap,1,1913,090127,datafile002.nev,datafile002.ns2,fmap_j_016_00+15.ptbmat,fmap_j_016_00+15.edf,0,0,0
JerryLee,2009-01-29,fmap,1,890,090129,datafile001.nev,datafile001.ns2,fmap_j_016_00+16.ptbmat,fmap_j_016_00+16.edf,0,0,0
JerryLee,2009-02-03,fmap,1,605,090203,datafile002.nev,datafile002.ns2,fmap_j_016_00+17.ptbmat,fmap_j_016_00+17.edf,0,0,0
JerryLee,2009-02-03,sra1,1,584,090203,datafile003.nev,datafile003.ns2,sra1_j_016_00+11.ptbmat,sra1_j_016_00+11.edf,0,0,0
JerryLee,2009-02-25,sra2,1,141,090225,datafile006.nev,datafile006.ns2,sra2_j_016_00+12.ptbmat,sra2_j_016_00+12.edf,0,0,0
JerryLee,2009-02-25,sra2,1,16,090225,datafile008.nev,datafile008.ns2,sra2_j_016_00+13.ptbmat,sra2_j_016_00+13.edf,0,0,0
JerryLee,2009-04-27,sra3_2,1,2000,090427,datafile003.nev,datafile003.ns2,sra3_2_j_018_00+.ptbmat,sra3_2_j_018_00+.edf,0,0,2000
JerryLee,2009-04-29,sra3_2,1,1210,090429,datafile002.nev,datafile002.ns2,sra3_2_j_019_00+.ptbmat,sra3_2_j_019_00+.edf,0,0,1211
JerryLee,2009-04-30,sra3_2,1,4,090430,datafile001.nev,datafile001.ns2,sra3_2_j_020_00+01.ptbmat,sra3_2_j_020_00+01.edf,4,0,0
JerryLee,2009-04-30,sra3_2,1,6,090430,datafile002.nev,datafile002.ns2,sra3_2_j_020_00+02.ptbmat,sra3_2_j_020_00+02.edf,0,0,6
JerryLee,2009-04-30,sra3_2,1,1,090430,datafile003.nev,datafile003.ns2,sra3_2_j_020_00+03.ptbmat,sra3_2_j_020_00+03.edf,0,0,1
JerryLee,2009-04-30,sra3_2,1,2101,090430,datafile004.nev,datafile004.ns2,sra3_2_j_020_00+04.ptbmat,sra3_2_j_020_00+04.edf,0,0,2101
JerryLee,2009-05-04,sra3_2,1,2009,090504,datafile002.nev,datafile002.ns2,sra3_2_j_021_00+.ptbmat,sra3_2_j_021_00+.edf,0,0,2009
JerryLee,2009-05-05,sra3_2,1,2171,090505,sra3_2_j_023_00+01.nev,sra3_2_j_023_00+01.ns2,sra3_2_j_023_00+01.ptbmat,sra3_2_j_023_00+01.edf,0,0,2171
JerryLee,2009-05-07,sra3_2,1,2102,090507,datafile001.nev,datafile001.ns2,sra3_2_j_025_00+01.ptbmat,sra3_2_j_025_00+01.edf,0,0,2102
JerryLee,2009-05-08,sra3_2,1,2004,090508,datafile003.nev,datafile003.ns2,sra3_2_j_026_00+03.ptbmat,sra3_2_j_026_00+03.edf,0,0,2004
JerryLee,2009-05-11,sra3_2,1,2361,090511,datafile001.nev,datafile001.ns2,sra3_2_j_027_00+01.ptbmat,sra3_2_j_027_00+01.edf,0,0,2361
JerryLee,2009-05-12,sra3_2,1,2053,090512,datafile001.nev,datafile001.ns2,sra3_2_j_028_00+01.ptbmat,sra3_2_j_028_00+01.edf,0,0,2053
JerryLee,2009-05-13,sra3_2,1,1959,090513,datafile001.nev,datafile001.ns2,sra3_2_j_029_00+01.ptbmat,sra3_2_j_029_00+01.edf,0,0,1959
JerryLee,2009-05-15,sra3_2,1,1605,090515,datafile001.nev,datafile001.ns2,sra3_2_j_031_00+.ptbmat,sra3_2_j_031_00+.edf,0,0,1605
JerryLee,2009-05-18,sra3_2,1,1607,090518,datafile001.nev,datafile001.ns2,sra3_2_j_032_00+01.ptbmat,sra3_2_j_032_00+01.edf,0,0,1607
JerryLee,2009-05-19,sra3_2,1,2103,090519,datafile001.nev,datafile001.ns2,sra3_2_j_033_00+01.ptbmat,sra3_2_j_033_00+01.edf,0,0,2103
JerryLee,2009-05-20,sra3_2,1,1266,090520,datafile001.nev,datafile001.ns2,sra3_2_m_008_00+01.ptbmat,sra3_2_m_008_00+01.edf,0,0,1266
JerryLee,2009-05-20,sra3_2,1,318,090520,datafile002.nev,datafile002.ns2,sra3_2_j_034_00+01.ptbmat,sra3_2_j_034_00+01.edf,0,0,318
JerryLee,2009-05-21,sra3_2,1,1124,090521,datafile001.nev,none,sra3_2_j_035_00+02.ptbmat,sra3_2_j_035_00+02.edf,0,0,1125
JerryLee,2009-05-22,sra3_2,1,1096,090522,datafile001.nev,none,sra3_2_j_036_00+01.ptbmat,sra3_2_j_036_00+01.edf,0,0,1096
JerryLee,2009-05-22,sra3_2,1,1009,090522,datafile002.nev,none,sra3_2_j_036_00+02.ptbmat,sra3_2_j_036_00+02.edf,0,0,1009
JerryLee,2009-06-01,sra3_2,1,762,090601,datafile003.nev,datafile003.ns2,sra3_2_j_037_00+03.ptbmat,sra3_2_j_037_00+03.edf,0,0,762
JerryLee,2009-06-17,sra3_2,1,431,090617,datafile001.nev,datafile001.ns2,sra3_2_j_047_00+01.ptbmat,sra3_2_j_047_00+01.edf,431,0,0
JerryLee,2009-06-17,sra3_2,1,167,090617,datafile002.nev,none,sra3_2_j_047_00+02.ptbmat,sra3_2_j_047_00+02.edf,0,0,2110
JerryLee,2009-06-18,sra3_2,1,300,090618,datafile001.nev,datafile001.ns2,sra3_2_j_048_00+01.ptbmat,sra3_2_j_048_00+01.edf,300,0,0
JerryLee,2009-06-18,sra3_2,1,509,090618,datafile002.nev,datafile002.ns2,sra3_2_j_048_00+02.ptbmat,sra3_2_j_048_00+02.edf,0,0,509
JerryLee,2009-06-22,sra3_2,1,245,090622,datafile001.nev,datafile001.ns2,sra3_2_j_049_00+01.ptbmat,sra3_2_j_049_00+01.edf,245,0,0
JerryLee,2009-06-22,sra3_2,1,1219,090622,datafile002.nev,datafile002.ns2,sra3_2_j_049_00+02.ptbmat,sra3_2_j_049_00+02.edf,0,0,1219
JerryLee,2009-06-22,sra3_1,1,9,090622,datafile019.nev,datafile019.ns2,sra3_1_j_049_00+.ptbmat,sra3_1_j_049_00+.edf,0,0,0
JerryLee,2009-06-23,sra3_1,1,2000,090623,datafile002.nev,datafile002.ns2,sra3_1_j_050_00+.ptbmat,sra3_1_j_050_00+_1.edf,0,2000,0
JerryLee,2009-06-24,sra3_1,1,1900,090624,datafile002.nev,datafile002.ns2,sra3_1_j_051_00+.ptbmat,sra3_1_j_051_00+_1.edf,0,1900,0
JerryLee,2009-06-25,sra3_1,1,28,090625,datafile001.nev,datafile001.ns2,sra3_1_m_030_00+.ptbmat,sra3_1_m_030_00+_1.edf,28,0,0
JerryLee,2009-06-25,sra3_1,1,2002,090625,datafile003.nev,datafile003.ns2,sra3_1_j_052_00+.ptbmat,sra3_1_j_052_00+_1.edf,0,2002,0
JerryLee,2009-06-26,sra3_1,1,229,090626,datafile001.nev,datafile001.ns2,sra3_1_j_053_00+.ptbmat,sra3_1_j_053_00+_1.edf,229,0,0
JerryLee,2009-06-26,sra3_2,1,1415,090626,datafile002.nev,datafile002.ns2,sra3_2_j_053_00+01.ptbmat,sra3_2_j_053_00+01_1.edf,0,0,1415
JerryLee,2009-06-30,sra3_2,1,2000,090630,datafile003.nev,datafile003.ns2,sra3_2_j_054_00+02.ptbmat,sra3_2_j_054_00+02_1.edf,0,0,2000
JerryLee,2009-07-01,sra3_1,1,259,090701,datafile001.nev,datafile001.ns2,sra3_1_j_054_00+.ptbmat,sra3_1_j_054_00+_1.edf,259,0,0
JerryLee,2009-07-01,sra3_2,1,2101,090701,datafile002.nev,datafile002.ns2,sra3_2_j_055_00+01.ptbmat,sra3_2_j_055_00+01_1.edf,0,0,2101
JerryLee,2009-07-02,sra3_1,1,273,090702,datafile001.nev,datafile001.ns2,sra3_1_j_056_00+.ptbmat,sra3_1_j_056_00+_1.edf,273,0,0
JerryLee,2009-07-02,sra3_2,1,26,090702,datafile002.nev,datafile002.ns2,sra3_2_j_056_00+01.ptbmat,sra3_2_j_056_00+01_1.edf,0,0,26
JerryLee,2009-07-02,sra3_2,1,1812,090702,datafile003.nev,datafile003.ns2,sra3_2_j_056_00+02.ptbmat,sra3_2_j_056_00+02_1.edf,0,0,1811
JerryLee,2009-07-03,sra3_2,1,1502,090703,datafile003.nev,datafile003.ns2,sra3_2_j_057_00+01.ptbmat,sra3_2_j_057_00+01_1.edf,0,0,1502
JerryLee,2009-07-06,sra3_2,1,59,090706,datafile001.nev,datafile001.ns2,sra3_2_j_057_00+05.ptbmat,sra3_2_j_057_00+05_1.edf,0,0,60
JerryLee,2009-07-06,sra3_2,1,1302,090706,datafile002.nev,datafile002.ns2,sra3_2_j_057_00+06.ptbmat,sra3_2_j_057_00+06_1.edf,0,0,1302
JerryLee,2009-07-07,sra3_1,1,350,090707,datafile001.nev,datafile001.ns2,sra3_1_j_059_00+01.ptbmat,sra3_1_j_059_00+01_1.edf,350,0,0
JerryLee,2009-07-07,sra3_2,1,142,090707,datafile002.nev,datafile002.ns2,sra3_2_j_059_00+01.ptbmat,sra3_2_j_059_00+01_1.edf,0,0,142
JerryLee,2009-07-07,sra3_2,1,1085,090707,datafile003.nev,datafile003.ns2,sra3_2_j_059_00+02.ptbmat,sra3_2_j_059_00+02_1.edf,0,0,1085
JerryLee,2009-07-08,sra3_1,1,245,090708,datafile001.nev,datafile001.ns2,sra3_1_j_060_00+01.ptbmat,sra3_1_j_060_00+01_1.edf,245,0,0
JerryLee,2009-07-08,sra3_2,1,1699,090708,datafile002.nev,datafile002.ns2,sra3_2_j_060_00+01.ptbmat,sra3_2_j_060_00+01_1.edf,0,0,1699
JerryLee,2009-07-09,sra3_1,1,4,090709,datafile001.nev,datafile001.ns2,sra3_1_m_036_00+03.ptbmat,sra3_1_m_036_00+03_1.edf,4,0,0
JerryLee,2009-07-09,sra3_1,1,11,090709,datafile002.nev,datafile002.ns2,sra3_1_j_061_00+01.ptbmat,sra3_1_j_061_00+01_1.edf,11,0,0
JerryLee,2009-07-09,sra3_1,1,234,090709,datafile003.nev,datafile003.ns2,sra3_1_j_061_00+02.ptbmat,sra3_1_j_061_00+02_1.edf,234,0,0
JerryLee,2009-07-09,sra3_2,1,1679,090709,datafile004.nev,datafile004.ns2,sra3_2_j_061_00+01.ptbmat,sra3_2_j_061_00+01_1.edf,0,0,1679
JerryLee,2009-07-10,sra3_1,1,302,090710,datafile003.nev,datafile003.ns2,sra3_1_j_062_00+01.ptbmat,sra3_1_j_062_00+01_1.edf,302,0,0
JerryLee,2009-07-10,sra3_2,1,214,090710,datafile004.nev,datafile004.ns2,sra3_2_j_062_00+01.ptbmat,sra3_2_j_062_00+01_1.edf,0,0,214
JerryLee,2009-07-10,sra3_2,1,1763,090710,datafile005.nev,datafile005.ns2,sra3_2_j_062_00+02.ptbmat,sra3_2_j_062_00+02_1.edf,0,0,1763
JerryLee,2009-07-11,sra3_1,1,5,090711,datafile003.nev,datafile003.ns2,sra3_1_j_063_00+01.ptbmat,sra3_1_j_063_00+01_1.edf,5,0,0
JerryLee,2009-07-11,sra3_1,1,258,090711,datafile004.nev,datafile004.ns2,sra3_1_j_063_00+02.ptbmat,sra3_1_j_063_00+02_1.edf,258,0,0
JerryLee,2009-07-11,sra3_2,1,1776,090711,datafile005.nev,datafile005.ns2,sra3_2_j_063_00+01.ptbmat,sra3_2_j_063_00+01_1.edf,0,0,1776
JerryLee,2009-07-12,sra3_1,1,206,090712,datafile003.nev,datafile003.ns2,sra3_1_j_064_00+01.ptbmat,sra3_1_j_064_00+01_1.edf,206,0,0
JerryLee,2009-07-12,sra3_2,1,2066,090712,datafile004.nev,datafile004.ns2,sra3_2_j_064_00+01.ptbmat,sra3_2_j_064_00+01_1.edf,0,0,2066
JerryLee,2009-07-15,sra3_1,1,254,090715,datafile006.nev,datafile006.ns2,sra3_1_j_065_00+01.ptbmat,sra3_1_j_065_00+01_1.edf,254,0,0
JerryLee,2009-07-15,sra3_2,1,1450,090715,datafile007.nev,datafile007.ns2,sra3_2_j_065_00+01.ptbmat,sra3_2_j_065_00+01_1.edf,0,0,1450
JerryLee,2009-07-16,sra3_1,1,266,090716,datafile003.nev,datafile003.ns2,sra3_1_j_066_00+01.ptbmat,sra3_1_j_066_00+01_1.edf,266,0,0
JerryLee,2009-07-16,sra3_2,1,1947,090716,datafile004.nev,datafile004.ns2,sra3_2_j_066_00+01.ptbmat,sra3_2_j_066_00+01_1.edf,0,0,1947
JerryLee,2009-07-17,sra3_1,1,192,090717,datafile003.nev,datafile003.ns2,sra3_1_j_067_00+01.ptbmat,sra3_1_j_067_00+01_1.edf,192,0,0
JerryLee,2009-07-17,sra3_2,1,1800,090717,datafile004.nev,datafile004.ns2,sra3_2_j_067_00+01.ptbmat,sra3_2_j_067_00+01_1.edf,0,0,1800
Marty,2009-07-07,sra3_1,1,129,090707,datafile002.nev,none,sra3_1_m_033_00+.ptbmat,sra3_1_m_033_00+_xxx.edf,129,0,0
Marty,2009-07-07,sra3_1,1,254,090707,datafile004.nev,none,sra3_1_m_033_00+xxx.ptbmat,,254,0,0
Marty,2009-07-07,sra3_1,1,2,090707,datafile005.nev,none,sra3_1_m_034_00+.ptbmat,sra3_1_m_034_00+03_1.edf,0,2,0
Marty,2009-07-07,sra3_1,1,948,090707,datafile007.nev,none,sra3_1_m_034_00+03.ptbmat,sra3_1_m_034_00+03_1.edf,0,948,0
Marty,2009-07-08,sra3_1,1,141,090708,datafile002.nev,none,sra3_1_m_035_00+02.ptbmat,sra3_1_m_035_00+02_1.edf,141,0,0
Marty,2009-07-08,sra3_1,1,231,090708,datafile003.nev,none,sra3_1_m_035_00+03.ptbmat,sra3_1_m_035_00+03_1.edf,231,0,0
Marty,2009-07-08,sra3_1,1,1584,090708,datafile004.nev,none,sra3_1_m_035_00+04.ptbmat,sra3_1_m_035_00+04_1.edf,0,1584,0
Marty,2009-07-10,sra3_1,1,257,090710,datafile001.nev,none,sra3_1_m_037_00+01.ptbmat,sra3_1_m_037_00+01_1.edf,257,0,0
Marty,2009-07-10,sra3_1,1,1256,090710,datafile002.nev,none,sra3_1_m_037_00+02.ptbmat,sra3_1_m_037_00+02_1.edf,0,1256,0
Marty,2009-07-11,sra3_1,1,239,090711,datafile001.nev,none,sra3_1_m_038_00+02.ptbmat,sra3_1_m_038_00+02_1.edf,239,0,0
Marty,2009-07-11,sra3_1,1,1750,090711,datafile002.nev,none,sra3_1_m_038_00+03.ptbmat,sra3_1_m_038_00+03_1.edf,0,1750,0
Marty,2009-07-12,sra3_1,1,184,090712,datafile001.nev,none,sra3_1_m_039_00+01.ptbmat,sra3_1_m_039_00+01_1.edf,184,0,0
Marty,2009-07-12,sra3_1,1,1566,090712,datafile002.nev,none,sra3_1_m_039_00+02.ptbmat,sra3_1_m_039_00+02_1.edf,0,1566,0
Marty,2009-07-13,sra3_1,1,3,090713,datafile001.nev,none,sra3_1_m_040_00+01.ptbmat,sra3_1_m_040_00+01_1.edf,3,0,0
Marty,2009-07-13,sra3_1,1,228,090713,datafile002.nev,none,sra3_1_m_040_00+02.ptbmat,sra3_1_m_040_00+02_1.edf,228,0,0
Marty,2009-07-13,sra3_1,1,1381,090713,datafile003.nev,none,sra3_1_m_040_00+03.ptbmat,sra3_1_m_040_00+03_1.edf,0,1381,0
Marty,2009-07-14,sra3_1,1,304,090714,datafile001.nev,none,sra3_1_m_041_00+01.ptbmat,sra3_1_m_041_00+01_1.edf,304,0,0
Marty,2009-07-14,sra3_1,1,20,090714,datafile002.nev,none,sra3_1_m_041_00+02.ptbmat,sra3_1_m_041_00+02_1.edf,0,20,0
Marty,2009-07-14,sra3_1,1,1299,090714,datafile003.nev,none,sra3_1_m_041_00+03.ptbmat,sra3_1_m_041_00+03_1.edf,0,1299,0
Marty,2009-07-15,sra3_1,1,120,090715,datafile001.nev,none,sra3_1_m_042_00+01.ptbmat,sra3_1_m_042_00+01_1.edf,120,0,0
Marty,2009-07-15,sra3_1,1,121,090715,datafile002.nev,none,sra3_1_m_042_00+02.ptbmat,sra3_1_m_042_00+02_1.edf,121,0,0
Marty,2009-07-15,sra3_1,1,17,090715,datafile004.nev,none,sra3_1_m_042_00+03.ptbmat,sra3_1_m_042_00+03_1.edf,0,17,0
Marty,2009-07-15,sra3_1,1,2000,090715,datafile005.nev,none,sra3_1_m_042_00+04.ptbmat,sra3_1_m_042_00+04_1.edf,0,2000,0
Marty,2009-07-16,sra3_1,1,328,090716,datafile001.nev,none,sra3_1_m_043_00+01.ptbmat,sra3_1_m_043_00+01_1.edf,328,0,0
Marty,2009-07-16,sra3_1,1,1088,090716,datafile002.nev,none,sra3_1_m_043_00+02.ptbmat,sra3_1_m_043_00+02_1.edf,0,1088,0
Marty,2009-07-17,sra3_1,1,186,090717,datafile001.nev,none,sra3_1_m_044_00+01.ptbmat,sra3_1_m_044_00+01_1.edf,186,0,0
Marty,2009-07-17,sra3_1,1,1450,090717,datafile002.nev,none,sra3_1_m_044_00+02.ptbmat,sra3_1_m_044_00+02_1.edf,0,1450,0
Marty,2009-07-18,sra3_1,1,190,090718,datafile001.nev,none,sra3_1_m_045_00+03.ptbmat,sra3_1_m_045_00+03_1.edf,190,0,0
Marty,2009-07-18,sra3_1,1,2000,090718,datafile002.nev,none,sra3_1_m_045_00+04.ptbmat,sra3_1_m_045_00+04_1.edf,0,2000,0
Marty,2009-07-20,sra3_1,1,296,090720,datafile001.nev,none,sra3_1_m_047_00+01.ptbmat,sra3_1_m_047_00+01_1.edf,296,0,0
Marty,2009-07-20,sra3_1,1,311,090720,datafile002.nev,none,sra3_1_m_047_00+02.ptbmat,sra3_1_m_047_00+02_1.edf,0,311,0
Marty,2009-07-20,sra3_1,1,575,090720,datafile003.nev,none,sra3_1_m_047_00+03.ptbmat,sra3_1_m_047_00+03_1.edf,68,507,0
Marty,2009-07-21,sra3_1,1,1,090721,datafile001.nev,none,sra3_1_m_048_00+01.ptbmat,sra3_1_m_048_00+01.edf,1,0,0
Marty,2009-07-21,sra3_1,1,184,090721,datafile002.nev,none,sra3_1_m_048_00+02.ptbmat,sra3_1_m_048_00+02_1.edf,184,0,0
Marty,2009-07-21,sra3_1,1,107,090721,datafile003.nev,none,sra3_1_m_048_00+03.ptbmat,sra3_1_m_048_00+03_1.edf,107,0,0
Marty,2009-07-21,sra3_1,1,1677,090721,datafile004.nev,none,sra3_1_m_048_00+04.ptbmat,sra3_1_m_048_00+04_1.edf,0,1677,0
Marty,2009-07-22,sra3_1,1,205,090722,datafile001.nev,none,sra3_1_m_049_00+01.ptbmat,sra3_1_m_049_00+01_1.edf,205,0,0
Marty,2009-07-22,sra3_1,1,1950,090722,datafile002.nev,none,sra3_1_m_049_00+02.ptbmat,sra3_1_m_049_00+02_1.edf,0,1950,0
Marty,2009-07-23,sra3_1,1,1,090723,datafile001.nev,none,sra3_1_m_050_00+01.ptbmat,sra3_1_m_050_00+01_1.edf,1,0,0
Marty,2009-07-23,sra3_1,1,1,090723,datafile002.nev,none,sra3_1_m_050_00+01.ptbmat,sra3_1_m_050_00+01_1.edf,1,0,0
Marty,2009-07-23,sra3_1,1,208,090723,datafile003.nev,none,sra3_1_m_050_00+02.ptbmat,sra3_1_m_050_00+02_1.edf,208,0,0
Marty,2009-07-23,sra3_1,1,1551,090723,datafile004.nev,none,sra3_1_m_050_00+03.ptbmat,sra3_1_m_050_00+03_1.edf,0,1551,0
Marty,2009-07-24,sra3_1,1,200,090724,datafile001.nev,none,sra3_1_m_051_00+01.ptbmat,sra3_1_m_051_00+01_1.edf,200,0,0
Marty,2009-07-24,sra3_1,1,1472,090724,datafile002.nev,none,sra3_1_m_051_00+02.ptbmat,sra3_1_m_051_00+02_1.edf,0,1472,0
Marty,2009-07-25,sra3_1,1,211,090725,datafile001.nev,none,sra3_1_m_052_00+02.ptbmat,sra3_1_m_052_00+02_1.edf,211,0,0
Marty,2009-07-25,sra3_1,1,6,090725,datafile002.nev,none,sra3_1_m_052_00+03.ptbmat,sra3_1_m_052_00+03_1.edf,0,6,0
Marty,2009-07-25,sra3_1,1,1298,090725,datafile003.nev,none,sra3_1_m_052_00+04.ptbmat,sra3_1_m_052_00+04_1.edf,0,1298,0
Marty,2009-07-26,sra3_1,1,203,090726,datafile001.nev,none,sra3_1_m_053_00+01.ptbmat,sra3_1_m_053_00+01_1.edf,203,0,0
Marty,2009-07-26,sra3_1,1,1079,090726,datafile002.nev,none,sra3_1_m_053_00+02.ptbmat,sra3_1_m_053_00+02_1.edf,0,1079,0
Marty,2009-07-30,sra3_1,1,191,090730,datafile001.nev,none,sra3_1_m_056_00+01.ptbmat,sra3_1_m_056_00+01_1.edf,191,0,0
Marty,2009-07-30,sra3_1,1,1805,090730,datafile002.nev,none,sra3_1_m_056_00+02.ptbmat,sra3_1_m_056_00+02_1.edf,0,1805,0
Marty,2009-07-31,sra3_1,1,189,090731,datafile001.nev,none,sra3_1_m_057_00+01.ptbmat,sra3_1_m_057_00+01_1.edf,189,0,0
Marty,2009-07-31,sra3_1,1,1420,090731,datafile002.nev,none,sra3_1_m_057_00+02.ptbmat,sra3_1_m_057_00+02_1.edf,0,1420,0
Marty,2009-08-06,sra3_1,1,801,090806,datafile001.nev,none,sra3_1_m_058_00+01.ptbmat,sra3_1_m_058_00+01_1.edf,0,801,0
Marty,2009-07-19,sra3_1,1,198,090807,datafile001.nev,none,sra3_1_m_046_00+01.ptbmat,sra3_1_m_046_00+01_1.edf,198,0,0
Marty,2009-07-19,sra3_1,1,1933,090807,datafile002.nev,none,sra3_1_m_046_00+02.ptbmat,sra3_1_m_046_00+02_1.edf,0,1933,0
Marty,2009-08-08,sra3_1,1,1,090808,datafile001.nev,none,sra3_1_m_060_00+01.ptbmat,sra3_1_m_060_00+01_1.edf,0,1,0
Marty,2009-08-08,sra3_1,1,1,090808,datafile002.nev,none,sra3_1_m_060_00+02.ptbmat,sra3_1_m_060_00+02_1.edf,0,1,0
Marty,2009-08-08,sra3_1,1,75,090808,datafile003.nev,none,sra3_1_m_060_00+03.ptbmat,sra3_1_m_060_00+03_1.edf,0,75,0
Marty,2009-08-08,sra3_1,1,1000,090808,datafile004.nev,none,sra3_1_m_060_00+04.ptbmat,sra3_1_m_060_00+04_1.edf,76,924,0
Marty,2009-08-09,sra3_1,1,1000,090809,datafile001.nev,none,sra3_1_m_061_00+01.ptbmat,sra3_1_m_061_00+01_1.edf,16,984,0
Marty,2009-08-14,sra3_1,1,11,090814,datafile001.nev,none,sra3_1_m_065_00+01.ptbmat,sra3_1_m_065_00+01_1.edf,0,11,0
Marty,2009-08-14,sra3_1,1,6,090814,datafile002.nev,none,sra3_1_m_065_00+02.ptbmat,sra3_1_m_065_00+02_1.edf,0,6,0
Marty,2009-08-14,sra3_1,1,1502,090814,datafile003.nev,none,sra3_1_m_065_00+03.ptbmat,sra3_1_m_065_00+03_1.edf,219,1283,0
Marty,2009-08-18,sra3_1,1,551,090818,datafile003.nev,datafile003.ns2,sra3_1_m_066_00+01.ptbmat,sra3_1_m_066_00+01_1.edf,0,551,0
Marty,2009-08-18,sra3_1,1,458,090818,datafile004.nev,datafile004.ns2,sra3_1_m_067_00+01.ptbmat,sra3_1_m_067_00+01_1.edf,295,163,0
Marty,2009-08-19,sra3_1,1,848,090819,datafile001.nev,datafile001.ns2,sra3_1_m_068_00+01.ptbmat,sra3_1_m_068_00+01_1.edf,82,766,0
Marty,2009-08-19,sra3_1,1,4,090819,datafile002.nev,datafile002.ns2,sra3_1_m_068_00+02.ptbmat,sra3_1_m_068_00+02_5.edf,4,0,0
Marty,2009-09-02,sra3_1,1,1351,090902,datafile001.nev,datafile001.ns2,sra3_1_m_069_00+01.ptbmat,sra3_1_m_069_00+01_1.edf,356,995,0
Marty,2009-09-08,sra3_1,1,1864,090908,datafile001.nev,datafile001.ns2,sra3_1_m_070_00+02.ptbmat,sra3_1_m_070_00+02_1.edf,615,1249,0
Marty,2009-09-11,sra3_1,1,1361,090911,datafile001.nev,datafile001.ns2,sra3_1_m_072_00+01.ptbmat,sra3_1_m_072_00+01_1.edf,8,1353,0
Marty,2009-09-11,sra3_1,1,260,090911,datafile003.nev,datafile003.ns2,sra3_1_m_072_00+02.ptbmat,sra3_1_m_072_00+02_1.edf,260,0,0
Marty,2009-09-13,sra3_1,1,1751,090913,datafile001.nev,datafile001.ns2,sra3_1_m_073_00+01.ptbmat,sra3_1_m_073_00+01_1.edf,321,1430,0
Marty,2009-09-14,sra3_1,1,1509,090914,datafile001.nev,datafile001.ns2,sra3_1_m_074_00+01.ptbmat,sra3_1_m_074_00+01_1.edf,358,1151,0
Marty,2009-09-15,sra3_1,1,2092,090915,datafile001.nev,datafile001.ns2,sra3_1_m_075_00+01.ptbmat,sra3_1_m_075_00+01_1.edf,435,1657,0
Marty,2009-09-18,sra3_1,1,1686,090918,datafile001.nev,datafile001.ns2,sra3_1_m_076_00+01.ptbmat,sra3_1_m_076_00+01_1.edf,337,1349,0
Marty,2009-09-19,sra3_1,1,1832,090919,datafile001.nev,datafile001.ns2,sra3_1_m_077_00+01.ptbmat,sra3_1_m_077_00+01_1.edf,443,1389,0
Marty,2009-09-20,sra3_1,1,1597,090920,datafile001.nev,datafile001.ns2,sra3_1_m_078_00+01.ptbmat,sra3_1_m_078_00+01_1.edf,446,1151,0
Marty,2009-09-21,sra3_1,1,1701,090921,datafile001.nev,datafile001.ns2,sra3_1_m_079_00+01.ptbmat,sra3_1_m_079_00+01_1.edf,402,1299,0
Marty,2009-09-22,sra3_1,1,2052,090922,datafile001.nev,datafile001.ns2,sra3_1_m_080_00+01.ptbmat,sra3_1_m_080_00+01_1.edf,418,1634,0
Marty,2009-09-25,sra3_1,1,1941,090925,datafile001.nev,datafile001.ns2,sra3_1_m_081_00+01.ptbmat,sra3_1_m_081_00+01_1.edf,390,1551,0
Marty,2009-09-26,sra3_1,1,2011,090926,datafile001.nev,datafile001.ns2,sra3_1_m_082_00+01.ptbmat,sra3_1_m_082_00+01_1.edf,362,1649,0
Marty,2009-09-27,sra3_1,1,1829,090927,datafile001.nev,datafile001.ns2,sra3_1_m_083_00+01.ptbmat,sra3_1_m_083_00+01_1.edf,330,1499,0
Marty,2009-09-28,sra3_1,1,1950,090928,datafile001.nev,datafile001.ns2,sra3_1_m_084_00+01.ptbmat,sra3_1_m_084_00+01_1.edf,348,1602,0
Marty,2009-09-29,sra3_1,1,1952,090929,datafile001.nev,datafile001.ns2,sra3_1_m_085_00+01.ptbmat,sra3_1_m_085_00+01_1.edf,401,1551,0
Marty,2009-10-04,sra3_2,1,151,091004,datafile001.nev,datafile001.ns2,sra3_2_m_087_00+01.ptbmat,sra3_2_m_087_00+01_1.edf,0,2,149
Marty,2009-10-04,sra3_2,1,3,091004,datafile002.nev,datafile002.ns2,sra3_2_m_087_00+02.ptbmat,sra3_2_m_087_00+02_1.edf,0,0,3
Marty,2009-10-04,sra3_2,1,1106,091004,datafile003.nev,datafile003.ns2,sra3_2_m_087_00+03.ptbmat,sra3_2_m_087_00+03_1.edf,0,10,1096
Marty,2009-10-04,sra3_2,1,580,091004,datafile004.nev,datafile004.ns2,sra3_2_m_087_00+04.ptbmat,sra3_2_m_087_00+04_1.edf,0,0,580
Marty,2009-10-04,sra3_1,1,367,091004,datafile005.nev,datafile005.ns2,sra3_1_m_087_00+01.ptbmat,sra3_1_m_087_00+01_1.edf,367,0,0
Marty,2009-10-05,sra3_2,1,1250,091005,datafile001.nev,datafile001.ns2,sra3_2_m_088_00+02.ptbmat,sra3_2_m_088_00+02_1.edf,0,3,1247
Marty,2009-10-05,sra3_1,1,468,091005,datafile002.nev,datafile002.ns2,sra3_1_m_088_00+01.ptbmat,sra3_1_m_088_00+01_1.edf,467,1,0
Marty,2009-10-06,sra3_2,1,1552,091006,datafile001.nev,datafile001.ns2,sra3_2_m_089_00+01.ptbmat,sra3_2_m_089_00+01_1.edf,0,0,1552
Marty,2009-10-06,sra3_1,1,405,091006,datafile002.nev,datafile002.ns2,sra3_1_m_089_00+01.ptbmat,sra3_1_m_089_00+01_1.edf,405,0,0
Marty,2009-10-09,sra3_2,1,1450,091009,datafile001.nev,datafile001.ns2,sra3_2_m_090_00+01.ptbmat,sra3_2_m_090_00+01_1.edf,0,0,1450
Marty,2009-10-09,sra3_1,1,3,091009,datafile002.nev,datafile002.ns2,sra3_1_m_090_00+01.ptbmat,sra3_1_m_090_00+01_1.edf,3,0,0
Marty,2009-10-09,sra3_1,1,580,091009,datafile003.nev,datafile003.ns2,sra3_1_m_090_00+02.ptbmat,sra3_1_m_090_00+02_1.edf,580,0,0
Marty,2009-10-10,sra3_2,1,352,091010,datafile001.nev,datafile001.ns2,sra3_2_m_091_00+02.ptbmat,sra3_2_m_091_00+02_1.edf,0,1,351
Marty,2009-10-11,sra3_2,1,16,091011,datafile002.nev,datafile002.ns2,sra3_2_m_092_00+01.ptbmat,sra3_2_m_092_00+01_1.edf,0,0,16
Marty,2009-10-11,sra3_2,1,9,091011,datafile003.nev,datafile003.ns2,sra3_2_m_085_00+01.ptbmat,sra3_2_m_085_00+01_1.edf,0,0,9
Marty,2009-10-11,sra3_2,1,22,091011,datafile004.nev,datafile004.ns2,sra3_2_m_092_00+02.ptbmat,sra3_2_m_092_00+02_1.edf,0,0,22
Marty,2009-10-11,sra3_2,1,3,091011,datafile005.nev,datafile005.ns2,sra3_2_m_092_00+03.ptbmat,sra3_2_m_092_00+03_1.edf,0,0,3
Marty,2009-10-11,sra3_2,1,1250,091011,datafile006.nev,datafile006.ns2,sra3_2_m_092_00+04.ptbmat,sra3_2_m_092_00+04_1.edf,0,0,1250
Marty,2009-10-11,sra3_1,1,638,091011,datafile007.nev,datafile007.ns2,sra3_1_m_092_00+01.ptbmat,sra3_1_m_092_00+01_1.edf,638,0,0
Marty,2009-10-12,sra3_2,1,1317,091012,datafile002.nev,datafile002.ns2,sra3_2_m_093_00+02.ptbmat,sra3_2_m_093_00+02_1.edf,0,0,1317
Marty,2009-10-12,sra3_1,1,484,091012,datafile003.nev,datafile003.ns2,sra3_1_m_093_00+01.ptbmat,sra3_1_m_093_00+01_1.edf,484,0,0
Marty,2009-10-16,sra3_2,1,8,091016,datafile001.nev,datafile001.ns2,sra3_2_m_094_00+03.ptbmat,sra3_2_m_094_00+03_1.edf,0,0,8
Marty,2009-10-16,sra3_2,1,1200,091016,datafile002.nev,datafile002.ns2,sra3_2_m_094_00+04.ptbmat,sra3_2_m_094_00+04_1.edf,0,1,1199
Marty,2009-10-16,sra3_1,1,502,091016,datafile003.nev,datafile003.ns2,sra3_1_m_094_00+01.ptbmat,sra3_1_m_094_00+01_1.edf,502,0,0
Marty,2009-10-17,sra3_2,1,1050,091017,datafile001.nev,datafile001.ns2,sra3_2_m_095_00+01.ptbmat,sra3_2_m_095_00+01_1.edf,0,5,1045
Marty,2009-10-17,sra3_1,1,531,091017,datafile002.nev,datafile002.ns2,sra3_1_m_095_00+01.ptbmat,sra3_1_m_095_00+01_1.edf,531,0,0
Marty,2009-10-18,sra3_2,1,1016,091018,datafile001.nev,datafile001.ns2,sra3_2_m_096_00+01.ptbmat,sra3_2_m_096_00+01_1.edf,0,4,1012
Marty,2009-10-18,sra3_1,1,453,091018,datafile002.nev,datafile002.ns2,sra3_1_m_096_00+01.ptbmat,sra3_1_m_096_00+01_1.edf,453,0,0
Marty,2009-10-25,sra3_2,1,1054,091025,datafile001.nev,datafile001.ns2,sra3_2_m_098_00+01.ptbmat,sra3_2_m_098_00+01_1.edf,0,0,1054
Marty,2009-10-25,sra3_1,1,452,091025,datafile002.nev,datafile002.ns2,sra3_1_m_098_00+01.ptbmat,sra3_1_m_098_00+01_1.edf,452,0,0
Marty,2009-10-26,sra3_2,1,650,091026,datafile001.nev,datafile001.ns2,sra3_2_m_099_00+01.ptbmat,sra3_2_m_099_00+01_1.edf,0,0,650
Marty,2009-10-26,sra3_1,1,418,091026,datafile002.nev,datafile002.ns2,sra3_1_m_099_00+01.ptbmat,sra3_1_m_099_00+01_1.edf,418,0,0
Marty,2009-10-26,sra3_1,1,122,091026,datafile003.nev,datafile003.ns2,sra3_1_m_099_00+02.ptbmat,sra3_1_m_099_00+02_1.edf,122,0,0
Marty,2009-10-27,sra3_2,1,1554,091027,datafile001.nev,datafile001.ns2,sra3_2_m_100_00+01.ptbmat,sra3_2_m_100_00+01_1.edf,0,0,1554
Marty,2009-10-27,sra3_1,1,402,091027,datafile002.nev,datafile002.ns2,sra3_1_m_100_00+01.ptbmat,sra3_1_m_100_00+01_1.edf,402,0,0
Marty,2009-10-30,sra3_2,1,1139,091030,datafile001.nev,datafile001.ns2,sra3_2_m_101_00+05.ptbmat,sra3_2_m_101_00+05_1.edf,0,1,1138
Marty,2009-10-30,sra3_1,1,504,091030,datafile002.nev,datafile002.ns2,sra3_1_m_101_00+01.ptbmat,sra3_1_m_101_00+01_1.edf,504,0,0
Marty,2009-10-31,sra3_2,1,1278,091031,datafile001.nev,datafile001.ns2,sra3_2_m_102_00+01.ptbmat,sra3_2_m_102_00+01_1.edf,0,0,1278
Marty,2009-10-31,sra3_1,1,425,091031,datafile002.nev,datafile002.ns2,sra3_1_m_102_00+01.ptbmat,sra3_1_m_102_00+01_1.edf,425,0,0
Marty,2009-11-01,sra3_2,1,1095,091101,datafile001.nev,datafile001.ns2,sra3_2_m_103_00+01.ptbmat,sra3_2_m_103_00+01_1.edf,0,0,1095
Marty,2009-11-01,sra3_1,1,418,091101,datafile002.nev,datafile002.ns2,sra3_1_m_103_00+01.ptbmat,sra3_1_m_103_00+01_1.edf,418,0,0
Marty,2009-11-03,sra3_2,1,1304,091103,datafile001.nev,datafile001.ns2,sra3_2_m_104_00+01.ptbmat,sra3_2_m_104_00+01_1.edf,0,0,1304
Marty,2009-11-03,sra3_1,1,401,091103,datafile002.nev,datafile002.ns2,sra3_1_m_104_00+01.ptbmat,sra3_1_m_104_00+01_1.edf,401,0,0
Marty,2009-11-06,sra3_2,1,1200,091106,datafile001.nev,datafile001.ns2,sra3_2_m_105_00+01.ptbmat,sra3_2_m_105_00+01_1.edf,0,1,1199
Marty,2009-11-06,sra3_1,1,394,091106,datafile002.nev,datafile002.ns2,sra3_1_m_105_00+01.ptbmat,sra3_1_m_105_00+01_1.edf,394,0,0
Marty,2009-11-07,sra3_2,1,900,091107,datafile001.nev,datafile001.ns2,sra3_2_m_106_00+01.ptbmat,sra3_2_m_106_00+01_1.edf,0,0,900
Marty,2009-11-07,sra3_1,1,501,091107,datafile002.nev,datafile002.ns2,sra3_1_m_106_00+01.ptbmat,sra3_1_m_106_00+01_1.edf,501,0,0
